Cohen,Aaisha,COHAAI000001,G40F,+447470396986
Saunders,Abu,SAUABU000002,G40F,+447470396986
Wagner,Adeel,WAGADE000003,G40F,+447470396986
Beltran,Aidan,BELAID000004,G40F,+447470396986
Atherton,Akeel,ATHAKE000005,G40F,+447470396986
Fritz,Alaw,FRIALA000006,G40F,+447470396986
Dolan,Alexandros,DOLALE000007,G40F,+447470396986
Milner,Aleksander,MILALE000008,G40F,+447470396986
Mcloughlin,Ali,MCLALI000009,G40F,+447470396986
Rich,Allison,RICALL000010,G40F,+447470396986
Flowers,Anabia,FLOANA000011,G40F,+447470396986
Neville,Aniela,NEVANI000012,G40F,+447470396986
Barry,Ariah,BARARI000013,G40F,+447470396986
Gough,Arissa,GOUARI000014,G40F,+447470396986
Wheeler,Arielle,WHEARI000015,G40F,+447470396986
Forrest,Ayisha,FORAYI000016,G40F,+447470396986
Mccarthy,Ayse,MCCAYS000017,G40F,+447470396986
Mcgee,Bertie,MCGBER000018,G40F,+447470396986
Ferry,Bobbie,FERBOB000019,G40F,+447470396986
Leblanc,Brian,LEBBRI000020,G40F,+447470396986
Osborne,Chace,OSBCHA000021,G40F,+447470396986
Farrow,Conah,FARCON000022,G40F,+447470396986
Hawes,Corey,HAWCOR000023,G40F,+447470396986
Kaufman,Coral,KAUCOR000024,G40F,+447470396986
Manning,Corinne,MANCOR000025,G40F,+447470396986
Molloy,Courtney,MOLCOU000026,G40F,+447470396986
Wormald,Crystal,WORCRY000027,G40F,+447470396986
Bate,Daanyaal,BATDAA000028,G40F,+447470396986
Williams,Dana,WILDAN000029,G40F,+447470396986
Watkins,Darlene,WATDAR000030,G40F,+447470396986
Valdez,Demi,VALDEM000031,G40F,+447470396986
Mckenzie,Edmund,MCKEDM000032,G40F,+447470396986
Beck,Elara,BECELA000033,G40F,+447470396986
Bradford,Ella-Mae,BRAELL000034,G40F,+447470396986
Arnold,Emmett,ARNEMM000035,G40F,+447470396986
Hartley,Enrique,HARENR000036,G40F,+447470396986
Hardy,Eoghan,HAREOG000037,G40F,+447470396986
Greig,Ezekiel,GREEZE000038,G40F,+447470396986
Bryan,Faisal,BRYFAI000039,G40F,+447470396986
Leal,Finley,LEAFIN000040,G40F,+447470396986
Fitzpatrick,Fredrick,FITFRE000041,G40F,+447470396986
Bone,Harper-Rose,BONHAR000042,G40F,+447470396986
Dodson,Harriett,DODHAR000043,G40F,+447470396986
Frank,Hasnain,FRAHAS000044,G40F,+447470396986
Carr,Hester,CARHES000045,G40F,+447470396986
Sadler,Israr,SADISR000046,G40F,+447470396986
Chadwick,Jawad,CHAJAW000047,G40F,+447470396986
Andrews,Jeff,ANDJEF000048,G40F,+447470396986
Flores,Jeremiah,FLOJER000049,G40F,+447470396986
Garza,Johnathan,GARJOH000050,G40F,+447470396986
Boyce,Joseff,BOYJOS000051,G40F,+447470396986
Bull,Julian,BULJUL000052,G40F,+447470396986
Rocha,Kaine,ROCKAI000053,G40F,+447470396986
Wilkes,Katherine,WILKAT000054,G40F,+447470396986
Lambert,Keira,LAMKEI000055,G40F,+447470396986
Winters,Keon,WINKEO000056,G40F,+447470396986
Key,Keyaan,KEYKEY000057,G40F,+447470396986
Grey,Khia,GREKHI000058,G40F,+447470396986
Leon,Kiara,LEOKIA000059,G40F,+447470396986
Francis,Kloe,FRAKLO000060,G40F,+447470396986
Wood,Koby,WOOKOB000061,G40F,+447470396986
Bishop,Kush,BISKUS000062,G40F,+447470396986
Riley,Lenny,RILLEN000063,G40F,+447470396986
Kenny,Logan,KENLOG000064,G40F,+447470396986
Southern,Lucien,SOULUC000065,G40F,+447470396986
Cardenas,Macauley,CARMAC000066,G40F,+447470396986
Talbot,Madina,TALMAD000067,G40F,+447470396986
Flynn,Maksim,FLYMAK000068,G40F,+447470396986
Byers,Margaret,BYEMAR000069,G40F,+447470396986
Mcphee,Marius,MCPMAR000070,G40F,+447470396986
Christensen,Max,CHRMAX000071,G40F,+447470396986
Skinner,Miah,SKIMIA000072,G40F,+447470396986
Drew,Mica,DREMIC000073,G40F,+447470396986
Sanderson,Monika,SANMON000074,G40F,+447470396986
Wade,Murphy,WADMUR000075,G40F,+447470396986
Lara,Nadia,LARNAD000076,G40F,+447470396986
Glenn,Nour,GLENOU000077,G40F,+447470396986
Huang,Nusaybah,HUANUS000078,G40F,+447470396986
Akhtar,Paulina,AKHPAU000079,G40F,+447470396986
Mckay,Piper,MCKPIP000080,G40F,+447470396986
Foley,Prisha,FOLPRI000081,G40F,+447470396986
Driscoll,Rachel,DRIRAC000082,G40F,+447470396986
Beach,Rae,BEARAE000083,G40F,+447470396986
Wallis,Reuben,WALREU000084,G40F,+447470396986
Munro,Riaan,MUNRIA000085,G40F,+447470396986
Castillo,Riley-James,CASRIL000086,G40F,+447470396986
Durham,Rohit,DURROH000087,G40F,+447470396986
Lott,Roxanne,LOTROX000088,G40F,+447470396986
Calhoun,Shaan,CALSHA000089,G40F,+447470396986
Becker,Shelbie,BECSHE000090,G40F,+447470396986
Davidson,Shivani,DAVSHI000091,G40F,+447470396986
Brook,Simone,BROSIM000092,G40F,+447470396986
Lynch,Siobhan,LYNSIO000093,G40F,+447470396986
Wright,Skylar,WRISKY000094,G40F,+447470396986
Mckenna,Syed,MCKSYE000095,G40F,+447470396986
Muir,Teo,MUITEO000096,G40F,+447470396986
Chaney,Tina,CHATIN000097,G40F,+447470396986
Crosby,Valentino,CROVAL000098,G40F,+447470396986
Franks,Zakaria,FRAZAK000099,G40F,+447470396986
